{"cpu_alert_time": 1783197007.7140534, "ram_alert_time": 1783197069.3000214}