{"cpu_alert_time": 1783288922.0441306, "ram_alert_time": 1783287883.9780767}