{"cpu_alert_time": 1783202444.120043, "ram_alert_time": 1783202567.2056181}