{"cpu_alert_time": 1783199085.490044, "ram_alert_time": 1783198901.245018}